<?xml version="1.0" encoding="UTF-8"?>
<project-private xmlns="http://www.netbeans.org/ns/project-private/1">
    <editor-bookmarks xmlns="http://www.netbeans.org/ns/editor-bookmarks/2" lastBookmarkId="0"/>
    <open-files xmlns="http://www.netbeans.org/ns/projectui-open-files/2">
        <group>
            <file>file:/C:/Users/Jessica%20Oliveira/Desktop/ELETRONICA%20EMBARCADA/PROJETOFINAL_BolaNoTubo_2_2024/PROJETOFINAL_v0.X/main.c</file>
            <file>file:/C:/Users/Jessica%20Oliveira/Desktop/ELETRONICA%20EMBARCADA/PROJETOFINAL_BolaNoTubo_2_2024/PROJETOFINAL_v0.X/main.h</file>
            <file>file:/C:/Users/Jessica%20Oliveira/Desktop/ELETRONICA%20EMBARCADA/PROJETOFINAL_BolaNoTubo_2_2024/PROJETOFINAL_v0.X/mcc_generated_files/tmr1.c</file>
            <file>file:/C:/Users/Jessica%20Oliveira/Desktop/ELETRONICA%20EMBARCADA/PROJETOFINAL_BolaNoTubo_2_2024/PROJETOFINAL_v0.X/mcc_generated_files/tmr1.h</file>
            <file>file:/C:/Users/Jessica%20Oliveira/Desktop/ELETRONICA%20EMBARCADA/PROJETOFINAL_BolaNoTubo_2_2024/PROJETOFINAL_v0.X/mcc_generated_files/ext_int.c</file>
            <file>file:/C:/Users/Jessica%20Oliveira/Desktop/ELETRONICA%20EMBARCADA/PROJETOFINAL_BolaNoTubo_2_2024/PROJETOFINAL_v0.X/mcc_generated_files/tmr4.h</file>
            <file>file:/C:/Users/Jessica%20Oliveira/Desktop/ELETRONICA%20EMBARCADA/PROJETOFINAL_BolaNoTubo_2_2024/PROJETOFINAL_v0.X/mcc_generated_files/interrupt_manager.c</file>
        </group>
    </open-files>
</project-private>
